X,Y,Name,description,timestamp,begin,end,altitudeMode,tessellate,extrude,visibility,drawOrder,icon,snippet,icon_url
46.884123,24.572345,نفق البحرية (نفق امتداد الدائري الشرق امام مطاعم حديقة العائلة) (U140),"<html xmlns:fo=""http://www.w3.org/1999/XSL/Format"" xmlns:msxsl=""urn:schemas-microsoft-com:xslt"">

<head>

<META http-equiv=""Content-Type"" content=""text/html"">

<meta http-equiv=""content-type"" content=""text/html; charset=UTF-8"">

</head>

<body style=""margin:0px 0px 0px 0px;overflow:auto;background:#FFFFFF;"">

<table style=""font-family:Arial,Verdana,Times;font-size:12px;text-align:left;width:100%;border-collapse:collapse;padding:3px 3px 3px 3px"">

<tr style=""text-align:center;font-weight:bold;background:#9CBCE2"">

<td>نفق البحرية (نفق امتداد الدائري الشرق امام مطاعم حديقة العائلة) (U140)</td>

</tr>

<tr>

<td>

<table style=""font-family:Arial,Verdana,Times;font-size:12px;text-align:left;width:100%;border-spacing:0px; padding:3px 3px 3px 3px"">

<tr>

<td>FID</td>

<td>0</td>

</tr>

<tr bgcolor=""#D4E4F3"">

<td>الرقم</td>

<td>1</td>

</tr>

<tr>

<td>NO</td>

<td>1</td>

</tr>

<tr bgcolor=""#D4E4F3"">

<td>اسم_ا</td>

<td>نفق البحرية (نفق امتداد الدائري الشرق امام مطاعم حديقة العائلة) (U140)</td>

</tr>

<tr>

<td>الحي</td>

<td>البرية</td>

</tr>

<tr bgcolor=""#D4E4F3"">

<td>البلد</td>

<td>السلي</td>

</tr>

<tr>

<td>X</td>

<td>46.884123</td>

</tr>

<tr bgcolor=""#D4E4F3"">

<td>Y</td>

<td>24.572345</td>

</tr>

</table>

</td>

</tr>

</table>

</body>

</html>

",,,,clampToGround,-1,0,-1,,,,
46.848337,24.592833,نفق السكة حديد (نفق تقاطع السكة حديد مع امتداد الدائري الشرقي) (U136),"<html xmlns:fo=""http://www.w3.org/1999/XSL/Format"" xmlns:msxsl=""urn:schemas-microsoft-com:xslt"">

<head>

<META http-equiv=""Content-Type"" content=""text/html"">

<meta http-equiv=""content-type"" content=""text/html; charset=UTF-8"">

</head>

<body style=""margin:0px 0px 0px 0px;overflow:auto;background:#FFFFFF;"">

<table style=""font-family:Arial,Verdana,Times;font-size:12px;text-align:left;width:100%;border-collapse:collapse;padding:3px 3px 3px 3px"">

<tr style=""text-align:center;font-weight:bold;background:#9CBCE2"">

<td>نفق السكة حديد (نفق تقاطع السكة حديد مع امتداد الدائري الشرقي) (U136)</td>

</tr>

<tr>

<td>

<table style=""font-family:Arial,Verdana,Times;font-size:12px;text-align:left;width:100%;border-spacing:0px; padding:3px 3px 3px 3px"">

<tr>

<td>FID</td>

<td>1</td>

</tr>

<tr bgcolor=""#D4E4F3"">

<td>الرقم</td>

<td>2</td>

</tr>

<tr>

<td>NO</td>

<td>2</td>

</tr>

<tr bgcolor=""#D4E4F3"">

<td>اسم_ا</td>

<td>نفق السكة حديد (نفق تقاطع السكة حديد مع امتداد الدائري الشرقي) (U136)</td>

</tr>

<tr>

<td>الحي</td>

<td>المشاعل</td>

</tr>

<tr bgcolor=""#D4E4F3"">

<td>البلد</td>

<td>السلي</td>

</tr>

<tr>

<td>X</td>

<td>46.848337</td>

</tr>

<tr bgcolor=""#D4E4F3"">

<td>Y</td>

<td>24.592833</td>

</tr>

</table>

</td>

</tr>

</table>

</body>

</html>

",,,,clampToGround,-1,0,-1,,,,
46.7576,24.604781,الدائري الجنوبي امام مركز الهرم وطريق النماص من الدائري الجنوبي حتى طريق العزيزية,"<html xmlns:fo=""http://www.w3.org/1999/XSL/Format"" xmlns:msxsl=""urn:schemas-microsoft-com:xslt"">

<head>

<META http-equiv=""Content-Type"" content=""text/html"">

<meta http-equiv=""content-type"" content=""text/html; charset=UTF-8"">

</head>

<body style=""margin:0px 0px 0px 0px;overflow:auto;background:#FFFFFF;"">

<table style=""font-family:Arial,Verdana,Times;font-size:12px;text-align:left;width:100%;border-collapse:collapse;padding:3px 3px 3px 3px"">

<tr style=""text-align:center;font-weight:bold;background:#9CBCE2"">

<td>الدائري الجنوبي امام مركز الهرم وطريق النماص من الدائري الجنوبي حتى طريق العزيزية</td>

</tr>

<tr>

<td>

<table style=""font-family:Arial,Verdana,Times;font-size:12px;text-align:left;width:100%;border-spacing:0px; padding:3px 3px 3px 3px"">

<tr>

<td>FID</td>

<td>2</td>

</tr>

<tr bgcolor=""#D4E4F3"">

<td>الرقم</td>

<td>3</td>

</tr>

<tr>

<td>NO</td>

<td>3</td>

</tr>

<tr bgcolor=""#D4E4F3"">

<td>اسم_ا</td>

<td>الدائري الجنوبي امام مركز الهرم وطريق النماص من الدائري الجنوبي حتى طريق العزيزية</td>

</tr>

<tr>

<td>الحي</td>

<td>العزيزية</td>

</tr>

<tr bgcolor=""#D4E4F3"">

<td>البلد</td>

<td>العزيزية</td>

</tr>

<tr>

<td>X</td>

<td>46.7576</td>

</tr>

<tr bgcolor=""#D4E4F3"">

<td>Y</td>

<td>24.604781</td>

</tr>

</table>

</td>

</tr>

</table>

</body>

</html>

",,,,clampToGround,-1,0,-1,,,,
46.700084,24.803576,بوابة رقم 3 لجامعة الامام محمد بن سعود الاسلامية على طريق الامير محمد بن سلمان,"<html xmlns:fo=""http://www.w3.org/1999/XSL/Format"" xmlns:msxsl=""urn:schemas-microsoft-com:xslt"">

<head>

<META http-equiv=""Content-Type"" content=""text/html"">

<meta http-equiv=""content-type"" content=""text/html; charset=UTF-8"">

</head>

<body style=""margin:0px 0px 0px 0px;overflow:auto;background:#FFFFFF;"">

<table style=""font-family:Arial,Verdana,Times;font-size:12px;text-align:left;width:100%;border-collapse:collapse;padding:3px 3px 3px 3px"">

<tr style=""text-align:center;font-weight:bold;background:#9CBCE2"">

<td>بوابة رقم 3 لجامعة الامام محمد بن سعود الاسلامية على طريق الامير محمد بن سلمان</td>

</tr>

<tr>

<td>

<table style=""font-family:Arial,Verdana,Times;font-size:12px;text-align:left;width:100%;border-spacing:0px; padding:3px 3px 3px 3px"">

<tr>

<td>FID</td>

<td>3</td>

</tr>

<tr bgcolor=""#D4E4F3"">

<td>الرقم</td>

<td>4</td>

</tr>

<tr>

<td>NO</td>

<td>4</td>

</tr>

<tr bgcolor=""#D4E4F3"">

<td>اسم_ا</td>

<td>بوابة رقم 3 لجامعة الامام محمد بن سعود الاسلامية على طريق الامير محمد بن سلمان</td>

</tr>

<tr>

<td>الحي</td>

<td>الفلاح</td>

</tr>

<tr bgcolor=""#D4E4F3"">

<td>البلد</td>

<td>الشمال</td>

</tr>

<tr>

<td>X</td>

<td>46.700084</td>

</tr>

<tr bgcolor=""#D4E4F3"">

<td>Y</td>

<td>24.803576</td>

</tr>

</table>

</td>

</tr>

</table>

</body>

</html>

",,,,clampToGround,-1,0,-1,,,,
46.695998,24.802141,تقاطع طريق عثمان بن عفان البوابة الغربية مع الأمير محمد بن سلمان بن عبدالعزيز,"<html xmlns:fo=""http://www.w3.org/1999/XSL/Format"" xmlns:msxsl=""urn:schemas-microsoft-com:xslt"">

<head>

<META http-equiv=""Content-Type"" content=""text/html"">

<meta http-equiv=""content-type"" content=""text/html; charset=UTF-8"">

</head>

<body style=""margin:0px 0px 0px 0px;overflow:auto;background:#FFFFFF;"">

<table style=""font-family:Arial,Verdana,Times;font-size:12px;text-align:left;width:100%;border-collapse:collapse;padding:3px 3px 3px 3px"">

<tr style=""text-align:center;font-weight:bold;background:#9CBCE2"">

<td>تقاطع طريق عثمان بن عفان البوابة الغربية مع الأمير محمد بن سلمان بن عبدالعزيز</td>

</tr>

<tr>

<td>

<table style=""font-family:Arial,Verdana,Times;font-size:12px;text-align:left;width:100%;border-spacing:0px; padding:3px 3px 3px 3px"">

<tr>

<td>FID</td>

<td>4</td>

</tr>

<tr bgcolor=""#D4E4F3"">

<td>الرقم</td>

<td>5</td>

</tr>

<tr>

<td>NO</td>

<td>5</td>

</tr>

<tr bgcolor=""#D4E4F3"">

<td>اسم_ا</td>

<td>تقاطع طريق عثمان بن عفان البوابة الغربية مع الأمير محمد بن سلمان بن عبدالعزيز</td>

</tr>

<tr>

<td>الحي</td>

<td>الفلاح</td>

</tr>

<tr bgcolor=""#D4E4F3"">

<td>البلد</td>

<td>الشمال</td>

</tr>

<tr>

<td>X</td>

<td>46.695998</td>

</tr>

<tr bgcolor=""#D4E4F3"">

<td>Y</td>

<td>24.802141</td>

</tr>

</table>

</td>

</tr>

</table>

</body>

</html>

",,,,clampToGround,-1,0,-1,,,,
46.76724,24.614155,مخرج (19) بطريق الدائري الجنوبي الجهة المقابل لمنتزه مناخ الملك عبدالعزيز,"<html xmlns:fo=""http://www.w3.org/1999/XSL/Format"" xmlns:msxsl=""urn:schemas-microsoft-com:xslt"">

<head>

<META http-equiv=""Content-Type"" content=""text/html"">

<meta http-equiv=""content-type"" content=""text/html; charset=UTF-8"">

</head>

<body style=""margin:0px 0px 0px 0px;overflow:auto;background:#FFFFFF;"">

<table style=""font-family:Arial,Verdana,Times;font-size:12px;text-align:left;width:100%;border-collapse:collapse;padding:3px 3px 3px 3px"">

<tr style=""text-align:center;font-weight:bold;background:#9CBCE2"">

<td>مخرج (19) بطريق الدائري الجنوبي الجهة المقابل لمنتزه مناخ الملك عبدالعزيز</td>

</tr>

<tr>

<td>

<table style=""font-family:Arial,Verdana,Times;font-size:12px;text-align:left;width:100%;border-spacing:0px; padding:3px 3px 3px 3px"">

<tr>

<td>FID</td>

<td>5</td>

</tr>

<tr bgcolor=""#D4E4F3"">

<td>الرقم</td>

<td>6</td>

</tr>

<tr>

<td>NO</td>

<td>6</td>

</tr>

<tr bgcolor=""#D4E4F3"">

<td>اسم_ا</td>

<td>مخرج (19) بطريق الدائري الجنوبي الجهة المقابل لمنتزه مناخ الملك عبدالعزيز</td>

</tr>

<tr>

<td>الحي</td>

<td>المناخ</td>

</tr>

<tr bgcolor=""#D4E4F3"">

<td>البلد</td>

<td>العزيزية</td>

</tr>

<tr>

<td>X</td>

<td>46.76724</td>

</tr>

<tr bgcolor=""#D4E4F3"">

<td>Y</td>

<td>24.614155</td>

</tr>

</table>

</td>

</tr>

</table>

</body>

</html>

",,,,clampToGround,-1,0,-1,,,,
46.840745,24.646121,شارع محمد بن عبدالحمن بن عبدالعزيز (اسطنبول سابقا) مع الدائري الجنوبي,"<html xmlns:fo=""http://www.w3.org/1999/XSL/Format"" xmlns:msxsl=""urn:schemas-microsoft-com:xslt"">

<head>

<META http-equiv=""Content-Type"" content=""text/html"">

<meta http-equiv=""content-type"" content=""text/html; charset=UTF-8"">

</head>

<body style=""margin:0px 0px 0px 0px;overflow:auto;background:#FFFFFF;"">

<table style=""font-family:Arial,Verdana,Times;font-size:12px;text-align:left;width:100%;border-collapse:collapse;padding:3px 3px 3px 3px"">

<tr style=""text-align:center;font-weight:bold;background:#9CBCE2"">

<td>شارع محمد بن عبدالحمن بن عبدالعزيز (اسطنبول سابقا) مع الدائري الجنوبي</td>

</tr>

<tr>

<td>

<table style=""font-family:Arial,Verdana,Times;font-size:12px;text-align:left;width:100%;border-spacing:0px; padding:3px 3px 3px 3px"">

<tr>

<td>FID</td>

<td>6</td>

</tr>

<tr bgcolor=""#D4E4F3"">

<td>الرقم</td>

<td>7</td>

</tr>

<tr>

<td>NO</td>

<td>7</td>

</tr>

<tr bgcolor=""#D4E4F3"">

<td>اسم_ا</td>

<td>شارع محمد بن عبدالحمن بن عبدالعزيز (اسطنبول سابقا) مع الدائري الجنوبي</td>

</tr>

<tr>

<td>الحي</td>

<td>السلي</td>

</tr>

<tr bgcolor=""#D4E4F3"">

<td>البلد</td>

<td>السلي</td>

</tr>

<tr>

<td>X</td>

<td>46.840745</td>

</tr>

<tr bgcolor=""#D4E4F3"">

<td>Y</td>

<td>24.646121</td>

</tr>

</table>

</td>

</tr>

</table>

</body>

</html>

",,,,clampToGround,-1,0,-1,,,,
46.811464,24.690251,شارع طلحة بن عبيدالله وشارع (الامام الشافعي - الاقتصاد - الموسم - الملقا,"<html xmlns:fo=""http://www.w3.org/1999/XSL/Format"" xmlns:msxsl=""urn:schemas-microsoft-com:xslt"">

<head>

<META http-equiv=""Content-Type"" content=""text/html"">

<meta http-equiv=""content-type"" content=""text/html; charset=UTF-8"">

</head>

<body style=""margin:0px 0px 0px 0px;overflow:auto;background:#FFFFFF;"">

<table style=""font-family:Arial,Verdana,Times;font-size:12px;text-align:left;width:100%;border-collapse:collapse;padding:3px 3px 3px 3px"">

<tr style=""text-align:center;font-weight:bold;background:#9CBCE2"">

<td>شارع طلحة بن عبيدالله وشارع (الامام الشافعي - الاقتصاد - الموسم - الملقا</td>

</tr>

<tr>

<td>

<table style=""font-family:Arial,Verdana,Times;font-size:12px;text-align:left;width:100%;border-spacing:0px; padding:3px 3px 3px 3px"">

<tr>

<td>FID</td>

<td>7</td>

</tr>

<tr bgcolor=""#D4E4F3"">

<td>الرقم</td>

<td>8</td>

</tr>

<tr>

<td>NO</td>

<td>8</td>

</tr>

<tr bgcolor=""#D4E4F3"">

<td>اسم_ا</td>

<td>شارع طلحة بن عبيدالله وشارع (الامام الشافعي - الاقتصاد - الموسم - الملقا</td>

</tr>

<tr>

<td>الحي</td>

<td>الفيحاء</td>

</tr>

<tr bgcolor=""#D4E4F3"">

<td>البلد</td>

<td>السلي</td>

</tr>

<tr>

<td>X</td>

<td>46.811464</td>

</tr>

<tr bgcolor=""#D4E4F3"">

<td>Y</td>

<td>24.690251</td>

</tr>

</table>

</td>

</tr>

</table>

</body>

</html>

",,,,clampToGround,-1,0,-1,,,,
46.85508,24.732985,شارع سبأ من طريق الأمير سعد بن عبدالرحمن الأول حتى طريق خريص وشارع الكرامة,"<html xmlns:fo=""http://www.w3.org/1999/XSL/Format"" xmlns:msxsl=""urn:schemas-microsoft-com:xslt"">

<head>

<META http-equiv=""Content-Type"" content=""text/html"">

<meta http-equiv=""content-type"" content=""text/html; charset=UTF-8"">

</head>

<body style=""margin:0px 0px 0px 0px;overflow:auto;background:#FFFFFF;"">

<table style=""font-family:Arial,Verdana,Times;font-size:12px;text-align:left;width:100%;border-collapse:collapse;padding:3px 3px 3px 3px"">

<tr style=""text-align:center;font-weight:bold;background:#9CBCE2"">

<td>شارع سبأ من طريق الأمير سعد بن عبدالرحمن الأول حتى طريق خريص وشارع الكرامة</td>

</tr>

<tr>

<td>

<table style=""font-family:Arial,Verdana,Times;font-size:12px;text-align:left;width:100%;border-spacing:0px; padding:3px 3px 3px 3px"">

<tr>

<td>FID</td>

<td>8</td>

</tr>

<tr bgcolor=""#D4E4F3"">

<td>الرقم</td>

<td>9</td>

</tr>

<tr>

<td>NO</td>

<td>9</td>

</tr>

<tr bgcolor=""#D4E4F3"">

<td>اسم_ا</td>

<td>شارع سبأ من طريق الأمير سعد بن عبدالرحمن الأول حتى طريق خريص وشارع الكرامة</td>

</tr>

<tr>

<td>الحي</td>

<td>النسيم الشرقي</td>

</tr>

<tr bgcolor=""#D4E4F3"">

<td>البلد</td>

<td>النسيم</td>

</tr>

<tr>

<td>X</td>

<td>46.85508</td>

</tr>

<tr bgcolor=""#D4E4F3"">

<td>Y</td>

<td>24.732985</td>

</tr>

</table>

</td>

</tr>

</table>

</body>

</html>

",,,,clampToGround,-1,0,-1,,,,
46.682174,24.799289,شارع رقم 13-14-24 بحي الندى,"<html xmlns:fo=""http://www.w3.org/1999/XSL/Format"" xmlns:msxsl=""urn:schemas-microsoft-com:xslt"">

<head>

<META http-equiv=""Content-Type"" content=""text/html"">

<meta http-equiv=""content-type"" content=""text/html; charset=UTF-8"">

</head>

<body style=""margin:0px 0px 0px 0px;overflow:auto;background:#FFFFFF;"">

<table style=""font-family:Arial,Verdana,Times;font-size:12px;text-align:left;width:100%;border-collapse:collapse;padding:3px 3px 3px 3px"">

<tr style=""text-align:center;font-weight:bold;background:#9CBCE2"">

<td>شارع رقم 13-14-24 بحي الندى</td>

</tr>

<tr>

<td>

<table style=""font-family:Arial,Verdana,Times;font-size:12px;text-align:left;width:100%;border-spacing:0px; padding:3px 3px 3px 3px"">

<tr>

<td>FID</td>

<td>9</td>

</tr>

<tr bgcolor=""#D4E4F3"">

<td>الرقم</td>

<td>10</td>

</tr>

<tr>

<td>NO</td>

<td>10</td>

</tr>

<tr bgcolor=""#D4E4F3"">

<td>اسم_ا</td>

<td>شارع رقم 13-14-24 بحي الندى</td>

</tr>

<tr>

<td>الحي</td>

<td>الندى</td>

</tr>

<tr bgcolor=""#D4E4F3"">

<td>البلد</td>

<td>الشمال</td>

</tr>

<tr>

<td>X</td>

<td>46.682174</td>

</tr>

<tr bgcolor=""#D4E4F3"">

<td>Y</td>

<td>24.799289</td>

</tr>

</table>

</td>

</tr>

</table>

</body>

</html>

",,,,clampToGround,-1,0,-1,,,,
46.590501,24.787598,طريق الأمير تركي الأول من الدائري الشمالي حتى طريق الملك سلمان,"<html xmlns:fo=""http://www.w3.org/1999/XSL/Format"" xmlns:msxsl=""urn:schemas-microsoft-com:xslt"">

<head>

<META http-equiv=""Content-Type"" content=""text/html"">

<meta http-equiv=""content-type"" content=""text/html; charset=UTF-8"">

</head>

<body style=""margin:0px 0px 0px 0px;overflow:auto;background:#FFFFFF;"">

<table style=""font-family:Arial,Verdana,Times;font-size:12px;text-align:left;width:100%;border-collapse:collapse;padding:3px 3px 3px 3px"">

<tr style=""text-align:center;font-weight:bold;background:#9CBCE2"">

<td>طريق الأمير تركي الأول من الدائري الشمالي حتى طريق الملك سلمان</td>

</tr>

<tr>

<td>

<table style=""font-family:Arial,Verdana,Times;font-size:12px;text-align:left;width:100%;border-spacing:0px; padding:3px 3px 3px 3px"">

<tr>

<td>FID</td>

<td>10</td>

</tr>

<tr bgcolor=""#D4E4F3"">

<td>الرقم</td>

<td>11</td>

</tr>

<tr>

<td>NO</td>

<td>11</td>

</tr>

<tr bgcolor=""#D4E4F3"">

<td>اسم_ا</td>

<td>طريق الأمير تركي الأول من الدائري الشمالي حتى طريق الملك سلمان</td>

</tr>

<tr>

<td>الحي</td>

<td>الملقا - حطين</td>

</tr>

<tr bgcolor=""#D4E4F3"">

<td>البلد</td>

<td>الشمال</td>

</tr>

<tr>

<td>X</td>

<td>46.590501</td>

</tr>

<tr bgcolor=""#D4E4F3"">

<td>Y</td>

<td>24.787598</td>

</tr>

</table>

</td>

</tr>

</table>

</body>

</html>

",,,,clampToGround,-1,0,-1,,,,
46.599111,24.8327,بحيرة القيروان,"<html xmlns:fo=""http://www.w3.org/1999/XSL/Format"" xmlns:msxsl=""urn:schemas-microsoft-com:xslt"">

<head>

<META http-equiv=""Content-Type"" content=""text/html"">

<meta http-equiv=""content-type"" content=""text/html; charset=UTF-8"">

</head>

<body style=""margin:0px 0px 0px 0px;overflow:auto;background:#FFFFFF;"">

<table style=""font-family:Arial,Verdana,Times;font-size:12px;text-align:left;width:100%;border-collapse:collapse;padding:3px 3px 3px 3px"">

<tr style=""text-align:center;font-weight:bold;background:#9CBCE2"">

<td>بحيرة القيروان</td>

</tr>

<tr>

<td>

<table style=""font-family:Arial,Verdana,Times;font-size:12px;text-align:left;width:100%;border-spacing:0px; padding:3px 3px 3px 3px"">

<tr>

<td>FID</td>

<td>11</td>

</tr>

<tr bgcolor=""#D4E4F3"">

<td>الرقم</td>

<td>12</td>

</tr>

<tr>

<td>NO</td>

<td>12</td>

</tr>

<tr bgcolor=""#D4E4F3"">

<td>اسم_ا</td>

<td>بحيرة القيروان</td>

</tr>

<tr>

<td>الحي</td>

<td>القيروان</td>

</tr>

<tr bgcolor=""#D4E4F3"">

<td>البلد</td>

<td>الشمال</td>

</tr>

<tr>

<td>X</td>

<td>46.599111</td>

</tr>

<tr bgcolor=""#D4E4F3"">

<td>Y</td>

<td>24.8327</td>

</tr>

</table>

</td>

</tr>

</table>

</body>

</html>

",,,,clampToGround,-1,0,-1,,,,
46.774867,24.59346,العزيزية مع النصر,"<html xmlns:fo=""http://www.w3.org/1999/XSL/Format"" xmlns:msxsl=""urn:schemas-microsoft-com:xslt"">

<head>

<META http-equiv=""Content-Type"" content=""text/html"">

<meta http-equiv=""content-type"" content=""text/html; charset=UTF-8"">

</head>

<body style=""margin:0px 0px 0px 0px;overflow:auto;background:#FFFFFF;"">

<table style=""font-family:Arial,Verdana,Times;font-size:12px;text-align:left;width:100%;border-collapse:collapse;padding:3px 3px 3px 3px"">

<tr style=""text-align:center;font-weight:bold;background:#9CBCE2"">

<td>العزيزية مع النصر</td>

</tr>

<tr>

<td>

<table style=""font-family:Arial,Verdana,Times;font-size:12px;text-align:left;width:100%;border-spacing:0px; padding:3px 3px 3px 3px"">

<tr>

<td>FID</td>

<td>12</td>

</tr>

<tr bgcolor=""#D4E4F3"">

<td>الرقم</td>

<td>13</td>

</tr>

<tr>

<td>NO</td>

<td>13</td>

</tr>

<tr bgcolor=""#D4E4F3"">

<td>اسم_ا</td>

<td>العزيزية مع النصر</td>

</tr>

<tr>

<td>الحي</td>

<td>العزيزية</td>

</tr>

<tr bgcolor=""#D4E4F3"">

<td>البلد</td>

<td>العزيزية</td>

</tr>

<tr>

<td>X</td>

<td>46.774867</td>

</tr>

<tr bgcolor=""#D4E4F3"">

<td>Y</td>

<td>24.59346</td>

</tr>

</table>

</td>

</tr>

</table>

</body>

</html>

",,,,clampToGround,-1,0,-1,,,,
46.81161,24.83142,تقاطع طريق الدمام مع شارع وادي الساحل (مقابل شقق العاذرية),"<html xmlns:fo=""http://www.w3.org/1999/XSL/Format"" xmlns:msxsl=""urn:schemas-microsoft-com:xslt"">

<head>

<META http-equiv=""Content-Type"" content=""text/html"">

<meta http-equiv=""content-type"" content=""text/html; charset=UTF-8"">

</head>

<body style=""margin:0px 0px 0px 0px;overflow:auto;background:#FFFFFF;"">

<table style=""font-family:Arial,Verdana,Times;font-size:12px;text-align:left;width:100%;border-collapse:collapse;padding:3px 3px 3px 3px"">

<tr style=""text-align:center;font-weight:bold;background:#9CBCE2"">

<td>تقاطع طريق الدمام مع شارع وادي الساحل (مقابل شقق العاذرية)</td>

</tr>

<tr>

<td>

<table style=""font-family:Arial,Verdana,Times;font-size:12px;text-align:left;width:100%;border-spacing:0px; padding:3px 3px 3px 3px"">

<tr>

<td>FID</td>

<td>13</td>

</tr>

<tr bgcolor=""#D4E4F3"">

<td>الرقم</td>

<td>14</td>

</tr>

<tr>

<td>NO</td>

<td>14</td>

</tr>

<tr bgcolor=""#D4E4F3"">

<td>اسم_ا</td>

<td>تقاطع طريق الدمام مع شارع وادي الساحل (مقابل شقق العاذرية)</td>

</tr>

<tr>

<td>الحي</td>

<td>الرمال</td>

</tr>

<tr bgcolor=""#D4E4F3"">

<td>البلد</td>

<td>الروضة</td>

</tr>

<tr>

<td>X</td>

<td>46.81161</td>

</tr>

<tr bgcolor=""#D4E4F3"">

<td>Y</td>

<td>24.83142</td>

</tr>

</table>

</td>

</tr>

</table>

</body>

</html>

",,,,clampToGround,-1,0,-1,,,,
46.815867,24.800068,شارع الشيخ جابر الصباح من طريق خريص الى طريق الأمير محمد بن سلمان,"<html xmlns:fo=""http://www.w3.org/1999/XSL/Format"" xmlns:msxsl=""urn:schemas-microsoft-com:xslt"">

<head>

<META http-equiv=""Content-Type"" content=""text/html"">

<meta http-equiv=""content-type"" content=""text/html; charset=UTF-8"">

</head>

<body style=""margin:0px 0px 0px 0px;overflow:auto;background:#FFFFFF;"">

<table style=""font-family:Arial,Verdana,Times;font-size:12px;text-align:left;width:100%;border-collapse:collapse;padding:3px 3px 3px 3px"">

<tr style=""text-align:center;font-weight:bold;background:#9CBCE2"">

<td>شارع الشيخ جابر الصباح من طريق خريص الى طريق الأمير محمد بن سلمان</td>

</tr>

<tr>

<td>

<table style=""font-family:Arial,Verdana,Times;font-size:12px;text-align:left;width:100%;border-spacing:0px; padding:3px 3px 3px 3px"">

<tr>

<td>FID</td>

<td>14</td>

</tr>

<tr bgcolor=""#D4E4F3"">

<td>الرقم</td>

<td>15</td>

</tr>

<tr>

<td>NO</td>

<td>15</td>

</tr>

<tr bgcolor=""#D4E4F3"">

<td>اسم_ا</td>

<td>شارع الشيخ جابر الصباح من طريق خريص الى طريق الأمير محمد بن سلمان</td>

</tr>

<tr>

<td>الحي</td>

<td>القادسية - الرمال</td>

</tr>

<tr bgcolor=""#D4E4F3"">

<td>البلد</td>

<td>الروضة</td>

</tr>

<tr>

<td>X</td>

<td>46.815867</td>

</tr>

<tr bgcolor=""#D4E4F3"">

<td>Y</td>

<td>24.800068</td>

</tr>

</table>

</td>

</tr>

</table>

</body>

</html>

",,,,clampToGround,-1,0,-1,,,,
46.547731,24.59283,شارع الوليد بن عبدالملك,"<html xmlns:fo=""http://www.w3.org/1999/XSL/Format"" xmlns:msxsl=""urn:schemas-microsoft-com:xslt"">

<head>

<META http-equiv=""Content-Type"" content=""text/html"">

<meta http-equiv=""content-type"" content=""text/html; charset=UTF-8"">

</head>

<body style=""margin:0px 0px 0px 0px;overflow:auto;background:#FFFFFF;"">

<table style=""font-family:Arial,Verdana,Times;font-size:12px;text-align:left;width:100%;border-collapse:collapse;padding:3px 3px 3px 3px"">

<tr style=""text-align:center;font-weight:bold;background:#9CBCE2"">

<td>شارع الوليد بن عبدالملك</td>

</tr>

<tr>

<td>

<table style=""font-family:Arial,Verdana,Times;font-size:12px;text-align:left;width:100%;border-spacing:0px; padding:3px 3px 3px 3px"">

<tr>

<td>FID</td>

<td>15</td>

</tr>

<tr bgcolor=""#D4E4F3"">

<td>الرقم</td>

<td>16</td>

</tr>

<tr>

<td>NO</td>

<td>16</td>

</tr>

<tr bgcolor=""#D4E4F3"">

<td>اسم_ا</td>

<td>شارع الوليد بن عبدالملك</td>

</tr>

<tr>

<td>الحي</td>

<td>طويق</td>

</tr>

<tr bgcolor=""#D4E4F3"">

<td>البلد</td>

<td>نمار</td>

</tr>

<tr>

<td>X</td>

<td>46.547731</td>

</tr>

<tr bgcolor=""#D4E4F3"">

<td>Y</td>

<td>24.59283</td>

</tr>

</table>

</td>

</tr>

</table>

</body>

</html>

",,,,clampToGround,-1,0,-1,,,,
46.797579,24.674614,NO(5-5-7),"<html xmlns:fo=""http://www.w3.org/1999/XSL/Format"" xmlns:msxsl=""urn:schemas-microsoft-com:xslt"">

<head>

<META http-equiv=""Content-Type"" content=""text/html"">

<meta http-equiv=""content-type"" content=""text/html; charset=UTF-8"">

</head>

<body style=""margin:0px 0px 0px 0px;overflow:auto;background:#FFFFFF;"">

<table style=""font-family:Arial,Verdana,Times;font-size:12px;text-align:left;width:100%;border-collapse:collapse;padding:3px 3px 3px 3px"">

<tr style=""text-align:center;font-weight:bold;background:#9CBCE2"">

<td>NO(5-5-7)</td>

</tr>

<tr>

<td>

<table style=""font-family:Arial,Verdana,Times;font-size:12px;text-align:left;width:100%;border-spacing:0px; padding:3px 3px 3px 3px"">

<tr>

<td>FID</td>

<td>16</td>

</tr>

<tr bgcolor=""#D4E4F3"">

<td>الرقم</td>

<td>17</td>

</tr>

<tr>

<td>NO</td>

<td>17</td>

</tr>

<tr bgcolor=""#D4E4F3"">

<td>اسم_ا</td>

<td>NO(5-5-7)</td>

</tr>

<tr>

<td>الحي</td>

<td>الجزيرة</td>

</tr>

<tr bgcolor=""#D4E4F3"">

<td>البلد</td>

<td>السلي</td>

</tr>

<tr>

<td>X</td>

<td>46.797579</td>

</tr>

<tr bgcolor=""#D4E4F3"">

<td>Y</td>

<td>24.674614</td>

</tr>

</table>

</td>

</tr>

</table>

</body>

</html>

",,,,clampToGround,-1,0,-1,,,,
46.590267,24.819679,عبدالقادر شمس,"<html xmlns:fo=""http://www.w3.org/1999/XSL/Format"" xmlns:msxsl=""urn:schemas-microsoft-com:xslt"">

<head>

<META http-equiv=""Content-Type"" content=""text/html"">

<meta http-equiv=""content-type"" content=""text/html; charset=UTF-8"">

</head>

<body style=""margin:0px 0px 0px 0px;overflow:auto;background:#FFFFFF;"">

<table style=""font-family:Arial,Verdana,Times;font-size:12px;text-align:left;width:100%;border-collapse:collapse;padding:3px 3px 3px 3px"">

<tr style=""text-align:center;font-weight:bold;background:#9CBCE2"">

<td>عبدالقادر شمس</td>

</tr>

<tr>

<td>

<table style=""font-family:Arial,Verdana,Times;font-size:12px;text-align:left;width:100%;border-spacing:0px; padding:3px 3px 3px 3px"">

<tr>

<td>FID</td>

<td>17</td>

</tr>

<tr bgcolor=""#D4E4F3"">

<td>الرقم</td>

<td>18</td>

</tr>

<tr>

<td>NO</td>

<td>18</td>

</tr>

<tr bgcolor=""#D4E4F3"">

<td>اسم_ا</td>

<td>عبدالقادر شمس</td>

</tr>

<tr>

<td>الحي</td>

<td>القيروان</td>

</tr>

<tr bgcolor=""#D4E4F3"">

<td>البلد</td>

<td>شمال الرياض</td>

</tr>

<tr>

<td>X</td>

<td>46.590267</td>

</tr>

<tr bgcolor=""#D4E4F3"">

<td>Y</td>

<td>24.819679</td>

</tr>

</table>

</td>

</tr>

</table>

</body>

</html>

",,,,clampToGround,-1,0,-1,,,,
46.644504,24.667707,شارع الديوان من طريق مكة المكرمة الى طريق الأمير أحمد بن عبدالعزيز,"<html xmlns:fo=""http://www.w3.org/1999/XSL/Format"" xmlns:msxsl=""urn:schemas-microsoft-com:xslt"">

<head>

<META http-equiv=""Content-Type"" content=""text/html"">

<meta http-equiv=""content-type"" content=""text/html; charset=UTF-8"">

</head>

<body style=""margin:0px 0px 0px 0px;overflow:auto;background:#FFFFFF;"">

<table style=""font-family:Arial,Verdana,Times;font-size:12px;text-align:left;width:100%;border-collapse:collapse;padding:3px 3px 3px 3px"">

<tr style=""text-align:center;font-weight:bold;background:#9CBCE2"">

<td>شارع الديوان من طريق مكة المكرمة الى طريق الأمير أحمد بن عبدالعزيز</td>

</tr>

<tr>

<td>

<table style=""font-family:Arial,Verdana,Times;font-size:12px;text-align:left;width:100%;border-spacing:0px; padding:3px 3px 3px 3px"">

<tr>

<td>FID</td>

<td>18</td>

</tr>

<tr bgcolor=""#D4E4F3"">

<td>الرقم</td>

<td>19</td>

</tr>

<tr>

<td>NO</td>

<td>19</td>

</tr>

<tr bgcolor=""#D4E4F3"">

<td>اسم_ا</td>

<td>شارع الديوان من طريق مكة المكرمة الى طريق الأمير أحمد بن عبدالعزيز</td>

</tr>

<tr>

<td>الحي</td>

<td>الهدا</td>

</tr>

<tr bgcolor=""#D4E4F3"">

<td>البلد</td>

<td>الشميسي</td>

</tr>

<tr>

<td>X</td>

<td>46.644504</td>

</tr>

<tr bgcolor=""#D4E4F3"">

<td>Y</td>

<td>24.667707</td>

</tr>

</table>

</td>

</tr>

</table>

</body>

</html>

",,,,clampToGround,-1,0,-1,,,,
46.748672,24.805532,عيدة ولاهور,"<html xmlns:fo=""http://www.w3.org/1999/XSL/Format"" xmlns:msxsl=""urn:schemas-microsoft-com:xslt"">

<head>

<META http-equiv=""Content-Type"" content=""text/html"">

<meta http-equiv=""content-type"" content=""text/html; charset=UTF-8"">

</head>

<body style=""margin:0px 0px 0px 0px;overflow:auto;background:#FFFFFF;"">

<table style=""font-family:Arial,Verdana,Times;font-size:12px;text-align:left;width:100%;border-collapse:collapse;padding:3px 3px 3px 3px"">

<tr style=""text-align:center;font-weight:bold;background:#9CBCE2"">

<td>عيدة ولاهور</td>

</tr>

<tr>

<td>

<table style=""font-family:Arial,Verdana,Times;font-size:12px;text-align:left;width:100%;border-spacing:0px; padding:3px 3px 3px 3px"">

<tr>

<td>FID</td>

<td>19</td>

</tr>

<tr bgcolor=""#D4E4F3"">

<td>الرقم</td>

<td>20</td>

</tr>

<tr>

<td>NO</td>

<td>20</td>

</tr>

<tr bgcolor=""#D4E4F3"">

<td>اسم_ا</td>

<td>عيدة ولاهور</td>

</tr>

<tr>

<td>الحي</td>

<td>قرطبة</td>

</tr>

<tr bgcolor=""#D4E4F3"">

<td>البلد</td>

<td>الروضة</td>

</tr>

<tr>

<td>X</td>

<td>46.748672</td>

</tr>

<tr bgcolor=""#D4E4F3"">

<td>Y</td>

<td>24.805532</td>

</tr>

</table>

</td>

</tr>

</table>

</body>

</html>

",,,,clampToGround,-1,0,-1,,,,
46.836205,24.769602,ابن سيرين,"<html xmlns:fo=""http://www.w3.org/1999/XSL/Format"" xmlns:msxsl=""urn:schemas-microsoft-com:xslt"">

<head>

<META http-equiv=""Content-Type"" content=""text/html"">

<meta http-equiv=""content-type"" content=""text/html; charset=UTF-8"">

</head>

<body style=""margin:0px 0px 0px 0px;overflow:auto;background:#FFFFFF;"">

<table style=""font-family:Arial,Verdana,Times;font-size:12px;text-align:left;width:100%;border-collapse:collapse;padding:3px 3px 3px 3px"">

<tr style=""text-align:center;font-weight:bold;background:#9CBCE2"">

<td>ابن سيرين</td>

</tr>

<tr>

<td>

<table style=""font-family:Arial,Verdana,Times;font-size:12px;text-align:left;width:100%;border-spacing:0px; padding:3px 3px 3px 3px"">

<tr>

<td>FID</td>

<td>20</td>

</tr>

<tr bgcolor=""#D4E4F3"">

<td>الرقم</td>

<td>21</td>

</tr>

<tr>

<td>NO</td>

<td>21</td>

</tr>

<tr bgcolor=""#D4E4F3"">

<td>اسم_ا</td>

<td>ابن سيرين</td>

</tr>

<tr>

<td>الحي</td>

<td>النهضة</td>

</tr>

<tr bgcolor=""#D4E4F3"">

<td>البلد</td>

<td>الروضة</td>

</tr>

<tr>

<td>X</td>

<td>46.836205</td>

</tr>

<tr bgcolor=""#D4E4F3"">

<td>Y</td>

<td>24.769602</td>

</tr>

</table>

</td>

</tr>

</table>

</body>

</html>

",,,,clampToGround,-1,0,-1,,,,
46.664198,24.585887,شارع المدارة,"<html xmlns:fo=""http://www.w3.org/1999/XSL/Format"" xmlns:msxsl=""urn:schemas-microsoft-com:xslt"">

<head>

<META http-equiv=""Content-Type"" content=""text/html"">

<meta http-equiv=""content-type"" content=""text/html; charset=UTF-8"">

</head>

<body style=""margin:0px 0px 0px 0px;overflow:auto;background:#FFFFFF;"">

<table style=""font-family:Arial,Verdana,Times;font-size:12px;text-align:left;width:100%;border-collapse:collapse;padding:3px 3px 3px 3px"">

<tr style=""text-align:center;font-weight:bold;background:#9CBCE2"">

<td>شارع المدارة</td>

</tr>

<tr>

<td>

<table style=""font-family:Arial,Verdana,Times;font-size:12px;text-align:left;width:100%;border-spacing:0px; padding:3px 3px 3px 3px"">

<tr>

<td>FID</td>

<td>21</td>

</tr>

<tr bgcolor=""#D4E4F3"">

<td>الرقم</td>

<td>22</td>

</tr>

<tr>

<td>NO</td>

<td>22</td>

</tr>

<tr bgcolor=""#D4E4F3"">

<td>اسم_ا</td>

<td>شارع المدارة</td>

</tr>

<tr>

<td>الحي</td>

<td>السويدي</td>

</tr>

<tr bgcolor=""#D4E4F3"">

<td>البلد</td>

<td>العريجاء</td>

</tr>

<tr>

<td>X</td>

<td>46.664198</td>

</tr>

<tr bgcolor=""#D4E4F3"">

<td>Y</td>

<td>24.585887</td>

</tr>

</table>

</td>

</tr>

</table>

</body>

</html>

",,,,clampToGround,-1,0,-1,,,,
46.797199,24.724169,شارع ابن النفيس مع ابي العتاهية,"<html xmlns:fo=""http://www.w3.org/1999/XSL/Format"" xmlns:msxsl=""urn:schemas-microsoft-com:xslt"">

<head>

<META http-equiv=""Content-Type"" content=""text/html"">

<meta http-equiv=""content-type"" content=""text/html; charset=UTF-8"">

</head>

<body style=""margin:0px 0px 0px 0px;overflow:auto;background:#FFFFFF;"">

<table style=""font-family:Arial,Verdana,Times;font-size:12px;text-align:left;width:100%;border-collapse:collapse;padding:3px 3px 3px 3px"">

<tr style=""text-align:center;font-weight:bold;background:#9CBCE2"">

<td>شارع ابن النفيس مع ابي العتاهية</td>

</tr>

<tr>

<td>

<table style=""font-family:Arial,Verdana,Times;font-size:12px;text-align:left;width:100%;border-spacing:0px; padding:3px 3px 3px 3px"">

<tr>

<td>FID</td>

<td>22</td>

</tr>

<tr bgcolor=""#D4E4F3"">

<td>الرقم</td>

<td>23</td>

</tr>

<tr>

<td>NO</td>

<td>23</td>

</tr>

<tr bgcolor=""#D4E4F3"">

<td>اسم_ا</td>

<td>شارع ابن النفيس مع ابي العتاهية</td>

</tr>

<tr>

<td>الحي</td>

<td>المنار</td>

</tr>

<tr bgcolor=""#D4E4F3"">

<td>البلد</td>

<td>النسيم</td>

</tr>

<tr>

<td>X</td>

<td>46.797199</td>

</tr>

<tr bgcolor=""#D4E4F3"">

<td>Y</td>

<td>24.724169</td>

</tr>

</table>

</td>

</tr>

</table>

</body>

</html>

",,,,clampToGround,-1,0,-1,,,,
46.864008,24.547435,شارع العلم,"<html xmlns:fo=""http://www.w3.org/1999/XSL/Format"" xmlns:msxsl=""urn:schemas-microsoft-com:xslt"">

<head>

<META http-equiv=""Content-Type"" content=""text/html"">

<meta http-equiv=""content-type"" content=""text/html; charset=UTF-8"">

</head>

<body style=""margin:0px 0px 0px 0px;overflow:auto;background:#FFFFFF;"">

<table style=""font-family:Arial,Verdana,Times;font-size:12px;text-align:left;width:100%;border-collapse:collapse;padding:3px 3px 3px 3px"">

<tr style=""text-align:center;font-weight:bold;background:#9CBCE2"">

<td>شارع العلم</td>

</tr>

<tr>

<td>

<table style=""font-family:Arial,Verdana,Times;font-size:12px;text-align:left;width:100%;border-spacing:0px; padding:3px 3px 3px 3px"">

<tr>

<td>FID</td>

<td>23</td>

</tr>

<tr bgcolor=""#D4E4F3"">

<td>الرقم</td>

<td>24</td>

</tr>

<tr>

<td>NO</td>

<td>24</td>

</tr>

<tr bgcolor=""#D4E4F3"">

<td>اسم_ا</td>

<td>شارع العلم</td>

</tr>

<tr>

<td>الحي</td>

<td>طيبة</td>

</tr>

<tr bgcolor=""#D4E4F3"">

<td>البلد</td>

<td>العزيزية</td>

</tr>

<tr>

<td>X</td>

<td>46.864008</td>

</tr>

<tr bgcolor=""#D4E4F3"">

<td>Y</td>

<td>24.547435</td>

</tr>

</table>

</td>

</tr>

</table>

</body>

</html>

",,,,clampToGround,-1,0,-1,,,,
46.829827,24.57541,شارع رقم4,"<html xmlns:fo=""http://www.w3.org/1999/XSL/Format"" xmlns:msxsl=""urn:schemas-microsoft-com:xslt"">

<head>

<META http-equiv=""Content-Type"" content=""text/html"">

<meta http-equiv=""content-type"" content=""text/html; charset=UTF-8"">

</head>

<body style=""margin:0px 0px 0px 0px;overflow:auto;background:#FFFFFF;"">

<table style=""font-family:Arial,Verdana,Times;font-size:12px;text-align:left;width:100%;border-collapse:collapse;padding:3px 3px 3px 3px"">

<tr style=""text-align:center;font-weight:bold;background:#9CBCE2"">

<td>شارع رقم4</td>

</tr>

<tr>

<td>

<table style=""font-family:Arial,Verdana,Times;font-size:12px;text-align:left;width:100%;border-spacing:0px; padding:3px 3px 3px 3px"">

<tr>

<td>FID</td>

<td>24</td>

</tr>

<tr bgcolor=""#D4E4F3"">

<td>الرقم</td>

<td>25</td>

</tr>

<tr>

<td>NO</td>

<td>25</td>

</tr>

<tr bgcolor=""#D4E4F3"">

<td>اسم_ا</td>

<td>شارع رقم4</td>

</tr>

<tr>

<td>الحي</td>

<td>الإسكان</td>

</tr>

<tr bgcolor=""#D4E4F3"">

<td>البلد</td>

<td>السلي</td>

</tr>

<tr>

<td>X</td>

<td>46.829827</td>

</tr>

<tr bgcolor=""#D4E4F3"">

<td>Y</td>

<td>24.57541</td>

</tr>

</table>

</td>

</tr>

</table>

</body>

</html>

",,,,clampToGround,-1,0,-1,,,,
46.798046,24.82457,طريق الشيخ جابر الصباح أسفل جسر الفحص الدوري,"<html xmlns:fo=""http://www.w3.org/1999/XSL/Format"" xmlns:msxsl=""urn:schemas-microsoft-com:xslt"">

<head>

<META http-equiv=""Content-Type"" content=""text/html"">

<meta http-equiv=""content-type"" content=""text/html; charset=UTF-8"">

</head>

<body style=""margin:0px 0px 0px 0px;overflow:auto;background:#FFFFFF;"">

<table style=""font-family:Arial,Verdana,Times;font-size:12px;text-align:left;width:100%;border-collapse:collapse;padding:3px 3px 3px 3px"">

<tr style=""text-align:center;font-weight:bold;background:#9CBCE2"">

<td>طريق الشيخ جابر الصباح أسفل جسر الفحص الدوري</td>

</tr>

<tr>

<td>

<table style=""font-family:Arial,Verdana,Times;font-size:12px;text-align:left;width:100%;border-spacing:0px; padding:3px 3px 3px 3px"">

<tr>

<td>FID</td>

<td>25</td>

</tr>

<tr bgcolor=""#D4E4F3"">

<td>الرقم</td>

<td>26</td>

</tr>

<tr>

<td>NO</td>

<td>1</td>

</tr>

<tr bgcolor=""#D4E4F3"">

<td>اسم_ا</td>

<td>طريق الشيخ جابر الصباح أسفل جسر الفحص الدوري</td>

</tr>

<tr>

<td>الحي</td>

<td>القادسية</td>

</tr>

<tr bgcolor=""#D4E4F3"">

<td>البلد</td>

<td>الروضة</td>

</tr>

<tr>

<td>X</td>

<td>46.798046</td>

</tr>

<tr bgcolor=""#D4E4F3"">

<td>Y</td>

<td>24.82457</td>

</tr>

</table>

</td>

</tr>

</table>

</body>

</html>

",,,,clampToGround,-1,0,-1,,,,
46.821112,24.791786,طريق الشيخ جابر الصباح في الجهة الجنوبية من طريق الملك عبدالله,"<html xmlns:fo=""http://www.w3.org/1999/XSL/Format"" xmlns:msxsl=""urn:schemas-microsoft-com:xslt"">

<head>

<META http-equiv=""Content-Type"" content=""text/html"">

<meta http-equiv=""content-type"" content=""text/html; charset=UTF-8"">

</head>

<body style=""margin:0px 0px 0px 0px;overflow:auto;background:#FFFFFF;"">

<table style=""font-family:Arial,Verdana,Times;font-size:12px;text-align:left;width:100%;border-collapse:collapse;padding:3px 3px 3px 3px"">

<tr style=""text-align:center;font-weight:bold;background:#9CBCE2"">

<td>طريق الشيخ جابر الصباح في الجهة الجنوبية من طريق الملك عبدالله</td>

</tr>

<tr>

<td>

<table style=""font-family:Arial,Verdana,Times;font-size:12px;text-align:left;width:100%;border-spacing:0px; padding:3px 3px 3px 3px"">

<tr>

<td>FID</td>

<td>26</td>

</tr>

<tr bgcolor=""#D4E4F3"">

<td>الرقم</td>

<td>27</td>

</tr>

<tr>

<td>NO</td>

<td>2</td>

</tr>

<tr bgcolor=""#D4E4F3"">

<td>اسم_ا</td>

<td>طريق الشيخ جابر الصباح في الجهة الجنوبية من طريق الملك عبدالله</td>

</tr>

<tr>

<td>الحي</td>

<td>الخليج</td>

</tr>

<tr bgcolor=""#D4E4F3"">

<td>البلد</td>

<td>الروضة</td>

</tr>

<tr>

<td>X</td>

<td>46.821112</td>

</tr>

<tr bgcolor=""#D4E4F3"">

<td>Y</td>

<td>24.791786</td>

</tr>

</table>

</td>

</tr>

</table>

</body>

</html>

",,,,clampToGround,-1,0,-1,,,,
46.832153,24.776594,طريق الخدمة لطريق الشيخ جابر الصباح في الجهة الجنوبية من طريق الأمير بندر بن عبدالعزيز,"<html xmlns:fo=""http://www.w3.org/1999/XSL/Format"" xmlns:msxsl=""urn:schemas-microsoft-com:xslt"">

<head>

<META http-equiv=""Content-Type"" content=""text/html"">

<meta http-equiv=""content-type"" content=""text/html; charset=UTF-8"">

</head>

<body style=""margin:0px 0px 0px 0px;overflow:auto;background:#FFFFFF;"">

<table style=""font-family:Arial,Verdana,Times;font-size:12px;text-align:left;width:100%;border-collapse:collapse;padding:3px 3px 3px 3px"">

<tr style=""text-align:center;font-weight:bold;background:#9CBCE2"">

<td>طريق الخدمة لطريق الشيخ جابر الصباح في الجهة الجنوبية من طريق الأمير بندر بن عبدالعزيز</td>

</tr>

<tr>

<td>

<table style=""font-family:Arial,Verdana,Times;font-size:12px;text-align:left;width:100%;border-spacing:0px; padding:3px 3px 3px 3px"">

<tr>

<td>FID</td>

<td>27</td>

</tr>

<tr bgcolor=""#D4E4F3"">

<td>الرقم</td>

<td>28</td>

</tr>

<tr>

<td>NO</td>

<td>3</td>

</tr>

<tr bgcolor=""#D4E4F3"">

<td>اسم_ا</td>

<td>طريق الخدمة لطريق الشيخ جابر الصباح في الجهة الجنوبية من طريق الأمير بندر بن عبدالعزيز</td>

</tr>

<tr>

<td>الحي</td>

<td>النهضة</td>

</tr>

<tr bgcolor=""#D4E4F3"">

<td>البلد</td>

<td>الروضة</td>

</tr>

<tr>

<td>X</td>

<td>46.832153</td>

</tr>

<tr bgcolor=""#D4E4F3"">

<td>Y</td>

<td>24.776594</td>

</tr>

</table>

</td>

</tr>

</table>

</body>

</html>

",,,,clampToGround,-1,0,-1,,,,
46.592075,24.787745,تقاطع الامير تركي بن عبدالعزيز الاول مع شارع الاعشاب,"<html xmlns:fo=""http://www.w3.org/1999/XSL/Format"" xmlns:msxsl=""urn:schemas-microsoft-com:xslt"">

<head>

<META http-equiv=""Content-Type"" content=""text/html"">

<meta http-equiv=""content-type"" content=""text/html; charset=UTF-8"">

</head>

<body style=""margin:0px 0px 0px 0px;overflow:auto;background:#FFFFFF;"">

<table style=""font-family:Arial,Verdana,Times;font-size:12px;text-align:left;width:100%;border-collapse:collapse;padding:3px 3px 3px 3px"">

<tr style=""text-align:center;font-weight:bold;background:#9CBCE2"">

<td>تقاطع الامير تركي بن عبدالعزيز الاول مع شارع الاعشاب</td>

</tr>

<tr>

<td>

<table style=""font-family:Arial,Verdana,Times;font-size:12px;text-align:left;width:100%;border-spacing:0px; padding:3px 3px 3px 3px"">

<tr>

<td>FID</td>

<td>28</td>

</tr>

<tr bgcolor=""#D4E4F3"">

<td>الرقم</td>

<td>29</td>

</tr>

<tr>

<td>NO</td>

<td>4</td>

</tr>

<tr bgcolor=""#D4E4F3"">

<td>اسم_ا</td>

<td>تقاطع الامير تركي بن عبدالعزيز الاول مع شارع الاعشاب</td>

</tr>

<tr>

<td>الحي</td>

<td>الملقا</td>

</tr>

<tr bgcolor=""#D4E4F3"">

<td>البلد</td>

<td>الشمال</td>

</tr>

<tr>

<td>X</td>

<td>46.592075</td>

</tr>

<tr bgcolor=""#D4E4F3"">

<td>Y</td>

<td>24.787745</td>

</tr>

</table>

</td>

</tr>

</table>

</body>

</html>

",,,,clampToGround,-1,0,-1,,,,
46.854115,24.811779,تقاطع شارع محايل مع شارع الضيافة,"<html xmlns:fo=""http://www.w3.org/1999/XSL/Format"" xmlns:msxsl=""urn:schemas-microsoft-com:xslt"">

<head>

<META http-equiv=""Content-Type"" content=""text/html"">

<meta http-equiv=""content-type"" content=""text/html; charset=UTF-8"">

</head>

<body style=""margin:0px 0px 0px 0px;overflow:auto;background:#FFFFFF;"">

<table style=""font-family:Arial,Verdana,Times;font-size:12px;text-align:left;width:100%;border-collapse:collapse;padding:3px 3px 3px 3px"">

<tr style=""text-align:center;font-weight:bold;background:#9CBCE2"">

<td>تقاطع شارع محايل مع شارع الضيافة</td>

</tr>

<tr>

<td>

<table style=""font-family:Arial,Verdana,Times;font-size:12px;text-align:left;width:100%;border-spacing:0px; padding:3px 3px 3px 3px"">

<tr>

<td>FID</td>

<td>29</td>

</tr>

<tr bgcolor=""#D4E4F3"">

<td>الرقم</td>

<td>30</td>

</tr>

<tr>

<td>NO</td>

<td>5</td>

</tr>

<tr bgcolor=""#D4E4F3"">

<td>اسم_ا</td>

<td>تقاطع شارع محايل مع شارع الضيافة</td>

</tr>

<tr>

<td>الحي</td>

<td>الجنادرية</td>

</tr>

<tr bgcolor=""#D4E4F3"">

<td>البلد</td>

<td>الروضة</td>

</tr>

<tr>

<td>X</td>

<td>46.854115</td>

</tr>

<tr bgcolor=""#D4E4F3"">

<td>Y</td>

<td>24.811779</td>

</tr>

</table>

</td>

</tr>

</table>

</body>

</html>

",,,,clampToGround,-1,0,-1,,,,
46.855813,24.811475,تقاطع شارع وادي الجناح مع شارع الذهب,"<html xmlns:fo=""http://www.w3.org/1999/XSL/Format"" xmlns:msxsl=""urn:schemas-microsoft-com:xslt"">

<head>

<META http-equiv=""Content-Type"" content=""text/html"">

<meta http-equiv=""content-type"" content=""text/html; charset=UTF-8"">

</head>

<body style=""margin:0px 0px 0px 0px;overflow:auto;background:#FFFFFF;"">

<table style=""font-family:Arial,Verdana,Times;font-size:12px;text-align:left;width:100%;border-collapse:collapse;padding:3px 3px 3px 3px"">

<tr style=""text-align:center;font-weight:bold;background:#9CBCE2"">

<td>تقاطع شارع وادي الجناح مع شارع الذهب</td>

</tr>

<tr>

<td>

<table style=""font-family:Arial,Verdana,Times;font-size:12px;text-align:left;width:100%;border-spacing:0px; padding:3px 3px 3px 3px"">

<tr>

<td>FID</td>

<td>30</td>

</tr>

<tr bgcolor=""#D4E4F3"">

<td>الرقم</td>

<td>31</td>

</tr>

<tr>

<td>NO</td>

<td>6</td>

</tr>

<tr bgcolor=""#D4E4F3"">

<td>اسم_ا</td>

<td>تقاطع شارع وادي الجناح مع شارع الذهب</td>

</tr>

<tr>

<td>الحي</td>

<td>الجنادرية</td>

</tr>

<tr bgcolor=""#D4E4F3"">

<td>البلد</td>

<td>الروضة</td>

</tr>

<tr>

<td>X</td>

<td>46.855813</td>

</tr>

<tr bgcolor=""#D4E4F3"">

<td>Y</td>

<td>24.811475</td>

</tr>

</table>

</td>

</tr>

</table>

</body>

</html>

",,,,clampToGround,-1,0,-1,,,,
46.908886,24.783388,عمر بن أذينة,"<html xmlns:fo=""http://www.w3.org/1999/XSL/Format"" xmlns:msxsl=""urn:schemas-microsoft-com:xslt"">

<head>

<META http-equiv=""Content-Type"" content=""text/html"">

<meta http-equiv=""content-type"" content=""text/html; charset=UTF-8"">

</head>

<body style=""margin:0px 0px 0px 0px;overflow:auto;background:#FFFFFF;"">

<table style=""font-family:Arial,Verdana,Times;font-size:12px;text-align:left;width:100%;border-collapse:collapse;padding:3px 3px 3px 3px"">

<tr style=""text-align:center;font-weight:bold;background:#9CBCE2"">

<td>عمر بن أذينة</td>

</tr>

<tr>

<td>

<table style=""font-family:Arial,Verdana,Times;font-size:12px;text-align:left;width:100%;border-spacing:0px; padding:3px 3px 3px 3px"">

<tr>

<td>FID</td>

<td>31</td>

</tr>

<tr bgcolor=""#D4E4F3"">

<td>الرقم</td>

<td>32</td>

</tr>

<tr>

<td>NO</td>

<td>7</td>

</tr>

<tr bgcolor=""#D4E4F3"">

<td>اسم_ا</td>

<td>عمر بن أذينة</td>

</tr>

<tr>

<td>الحي</td>

<td>النظيم</td>

</tr>

<tr bgcolor=""#D4E4F3"">

<td>البلد</td>

<td>النسيم</td>

</tr>

<tr>

<td>X</td>

<td>46.908886</td>

</tr>

<tr bgcolor=""#D4E4F3"">

<td>Y</td>

<td>24.783388</td>

</tr>

</table>

</td>

</tr>

</table>

</body>

</html>

",,,,clampToGround,-1,0,-1,,,,
46.834489,24.820817,شارع جبل المضابيع,"<html xmlns:fo=""http://www.w3.org/1999/XSL/Format"" xmlns:msxsl=""urn:schemas-microsoft-com:xslt"">

<head>

<META http-equiv=""Content-Type"" content=""text/html"">

<meta http-equiv=""content-type"" content=""text/html; charset=UTF-8"">

</head>

<body style=""margin:0px 0px 0px 0px;overflow:auto;background:#FFFFFF;"">

<table style=""font-family:Arial,Verdana,Times;font-size:12px;text-align:left;width:100%;border-collapse:collapse;padding:3px 3px 3px 3px"">

<tr style=""text-align:center;font-weight:bold;background:#9CBCE2"">

<td>شارع جبل المضابيع</td>

</tr>

<tr>

<td>

<table style=""font-family:Arial,Verdana,Times;font-size:12px;text-align:left;width:100%;border-spacing:0px; padding:3px 3px 3px 3px"">

<tr>

<td>FID</td>

<td>32</td>

</tr>

<tr bgcolor=""#D4E4F3"">

<td>الرقم</td>

<td>33</td>

</tr>

<tr>

<td>NO</td>

<td>8</td>

</tr>

<tr bgcolor=""#D4E4F3"">

<td>اسم_ا</td>

<td>شارع جبل المضابيع</td>

</tr>

<tr>

<td>الحي</td>

<td>القادسية</td>

</tr>

<tr bgcolor=""#D4E4F3"">

<td>البلد</td>

<td>الروضة</td>

</tr>

<tr>

<td>X</td>

<td>46.834489</td>

</tr>

<tr bgcolor=""#D4E4F3"">

<td>Y</td>

<td>24.820817</td>

</tr>

</table>

</td>

</tr>

</table>

</body>

</html>

",,,,clampToGround,-1,0,-1,,,,
46.838076,24.816821,شارع جبل سلمى,"<html xmlns:fo=""http://www.w3.org/1999/XSL/Format"" xmlns:msxsl=""urn:schemas-microsoft-com:xslt"">

<head>

<META http-equiv=""Content-Type"" content=""text/html"">

<meta http-equiv=""content-type"" content=""text/html; charset=UTF-8"">

</head>

<body style=""margin:0px 0px 0px 0px;overflow:auto;background:#FFFFFF;"">

<table style=""font-family:Arial,Verdana,Times;font-size:12px;text-align:left;width:100%;border-collapse:collapse;padding:3px 3px 3px 3px"">

<tr style=""text-align:center;font-weight:bold;background:#9CBCE2"">

<td>شارع جبل سلمى</td>

</tr>

<tr>

<td>

<table style=""font-family:Arial,Verdana,Times;font-size:12px;text-align:left;width:100%;border-spacing:0px; padding:3px 3px 3px 3px"">

<tr>

<td>FID</td>

<td>33</td>

</tr>

<tr bgcolor=""#D4E4F3"">

<td>الرقم</td>

<td>34</td>

</tr>

<tr>

<td>NO</td>

<td>9</td>

</tr>

<tr bgcolor=""#D4E4F3"">

<td>اسم_ا</td>

<td>شارع جبل سلمى</td>

</tr>

<tr>

<td>الحي</td>

<td>القادسية</td>

</tr>

<tr bgcolor=""#D4E4F3"">

<td>البلد</td>

<td>الروضة</td>

</tr>

<tr>

<td>X</td>

<td>46.838076</td>

</tr>

<tr bgcolor=""#D4E4F3"">

<td>Y</td>

<td>24.816821</td>

</tr>

</table>

</td>

</tr>

</table>

</body>

</html>

",,,,clampToGround,-1,0,-1,,,,
46.830981,24.820941,شارع الإمام عبدالله بن سعود بالقرب من شارع السلطان قابوس,"<html xmlns:fo=""http://www.w3.org/1999/XSL/Format"" xmlns:msxsl=""urn:schemas-microsoft-com:xslt"">

<head>

<META http-equiv=""Content-Type"" content=""text/html"">

<meta http-equiv=""content-type"" content=""text/html; charset=UTF-8"">

</head>

<body style=""margin:0px 0px 0px 0px;overflow:auto;background:#FFFFFF;"">

<table style=""font-family:Arial,Verdana,Times;font-size:12px;text-align:left;width:100%;border-collapse:collapse;padding:3px 3px 3px 3px"">

<tr style=""text-align:center;font-weight:bold;background:#9CBCE2"">

<td>شارع الإمام عبدالله بن سعود بالقرب من شارع السلطان قابوس</td>

</tr>

<tr>

<td>

<table style=""font-family:Arial,Verdana,Times;font-size:12px;text-align:left;width:100%;border-spacing:0px; padding:3px 3px 3px 3px"">

<tr>

<td>FID</td>

<td>34</td>

</tr>

<tr bgcolor=""#D4E4F3"">

<td>الرقم</td>

<td>35</td>

</tr>

<tr>

<td>NO</td>

<td>10</td>

</tr>

<tr bgcolor=""#D4E4F3"">

<td>اسم_ا</td>

<td>شارع الإمام عبدالله بن سعود بالقرب من شارع السلطان قابوس</td>

</tr>

<tr>

<td>الحي</td>

<td>القادسية</td>

</tr>

<tr bgcolor=""#D4E4F3"">

<td>البلد</td>

<td>الروضة</td>

</tr>

<tr>

<td>X</td>

<td>46.830981</td>

</tr>

<tr bgcolor=""#D4E4F3"">

<td>Y</td>

<td>24.820941</td>

</tr>

</table>

</td>

</tr>

</table>

</body>

</html>

",,,,clampToGround,-1,0,-1,,,,
46.74626,24.807121,تقاطع شارع عبدالله بن مرخان مع شارع رمادة,"<html xmlns:fo=""http://www.w3.org/1999/XSL/Format"" xmlns:msxsl=""urn:schemas-microsoft-com:xslt"">

<head>

<META http-equiv=""Content-Type"" content=""text/html"">

<meta http-equiv=""content-type"" content=""text/html; charset=UTF-8"">

</head>

<body style=""margin:0px 0px 0px 0px;overflow:auto;background:#FFFFFF;"">

<table style=""font-family:Arial,Verdana,Times;font-size:12px;text-align:left;width:100%;border-collapse:collapse;padding:3px 3px 3px 3px"">

<tr style=""text-align:center;font-weight:bold;background:#9CBCE2"">

<td>تقاطع شارع عبدالله بن مرخان مع شارع رمادة</td>

</tr>

<tr>

<td>

<table style=""font-family:Arial,Verdana,Times;font-size:12px;text-align:left;width:100%;border-spacing:0px; padding:3px 3px 3px 3px"">

<tr>

<td>FID</td>

<td>35</td>

</tr>

<tr bgcolor=""#D4E4F3"">

<td>الرقم</td>

<td>36</td>

</tr>

<tr>

<td>NO</td>

<td>11</td>

</tr>

<tr bgcolor=""#D4E4F3"">

<td>اسم_ا</td>

<td>تقاطع شارع عبدالله بن مرخان مع شارع رمادة</td>

</tr>

<tr>

<td>الحي</td>

<td>قرطبة</td>

</tr>

<tr bgcolor=""#D4E4F3"">

<td>البلد</td>

<td>الروضة</td>

</tr>

<tr>

<td>X</td>

<td>46.74626</td>

</tr>

<tr bgcolor=""#D4E4F3"">

<td>Y</td>

<td>24.807121</td>

</tr>

</table>

</td>

</tr>

</table>

</body>

</html>

",,,,clampToGround,-1,0,-1,,,,
46.861151,24.724788,تقاطع شارع سبأ مع شارع دار السلام امام محطة مبيت القطار,"<html xmlns:fo=""http://www.w3.org/1999/XSL/Format"" xmlns:msxsl=""urn:schemas-microsoft-com:xslt"">

<head>

<META http-equiv=""Content-Type"" content=""text/html"">

<meta http-equiv=""content-type"" content=""text/html; charset=UTF-8"">

</head>

<body style=""margin:0px 0px 0px 0px;overflow:auto;background:#FFFFFF;"">

<table style=""font-family:Arial,Verdana,Times;font-size:12px;text-align:left;width:100%;border-collapse:collapse;padding:3px 3px 3px 3px"">

<tr style=""text-align:center;font-weight:bold;background:#9CBCE2"">

<td>تقاطع شارع سبأ مع شارع دار السلام امام محطة مبيت القطار</td>

</tr>

<tr>

<td>

<table style=""font-family:Arial,Verdana,Times;font-size:12px;text-align:left;width:100%;border-spacing:0px; padding:3px 3px 3px 3px"">

<tr>

<td>FID</td>

<td>36</td>

</tr>

<tr bgcolor=""#D4E4F3"">

<td>الرقم</td>

<td>37</td>

</tr>

<tr>

<td>NO</td>

<td>12</td>

</tr>

<tr bgcolor=""#D4E4F3"">

<td>اسم_ا</td>

<td>تقاطع شارع سبأ مع شارع دار السلام امام محطة مبيت القطار</td>

</tr>

<tr>

<td>الحي</td>

<td>النسيم الشرقي</td>

</tr>

<tr bgcolor=""#D4E4F3"">

<td>البلد</td>

<td>النسيم</td>

</tr>

<tr>

<td>X</td>

<td>46.861151</td>

</tr>

<tr bgcolor=""#D4E4F3"">

<td>Y</td>

<td>24.724788</td>

</tr>

</table>

</td>

</tr>

</table>

</body>

</html>

",,,,clampToGround,-1,0,-1,,,,
46.856531,24.736866,شارع الكرامة,"<html xmlns:fo=""http://www.w3.org/1999/XSL/Format"" xmlns:msxsl=""urn:schemas-microsoft-com:xslt"">

<head>

<META http-equiv=""Content-Type"" content=""text/html"">

<meta http-equiv=""content-type"" content=""text/html; charset=UTF-8"">

</head>

<body style=""margin:0px 0px 0px 0px;overflow:auto;background:#FFFFFF;"">

<table style=""font-family:Arial,Verdana,Times;font-size:12px;text-align:left;width:100%;border-collapse:collapse;padding:3px 3px 3px 3px"">

<tr style=""text-align:center;font-weight:bold;background:#9CBCE2"">

<td>شارع الكرامة</td>

</tr>

<tr>

<td>

<table style=""font-family:Arial,Verdana,Times;font-size:12px;text-align:left;width:100%;border-spacing:0px; padding:3px 3px 3px 3px"">

<tr>

<td>FID</td>

<td>37</td>

</tr>

<tr bgcolor=""#D4E4F3"">

<td>الرقم</td>

<td>38</td>

</tr>

<tr>

<td>NO</td>

<td>13</td>

</tr>

<tr bgcolor=""#D4E4F3"">

<td>اسم_ا</td>

<td>شارع الكرامة</td>

</tr>

<tr>

<td>الحي</td>

<td>النسيم الشرقي</td>

</tr>

<tr bgcolor=""#D4E4F3"">

<td>البلد</td>

<td>النسيم</td>

</tr>

<tr>

<td>X</td>

<td>46.856531</td>

</tr>

<tr bgcolor=""#D4E4F3"">

<td>Y</td>

<td>24.736866</td>

</tr>

</table>

</td>

</tr>

</table>

</body>

</html>

",,,,clampToGround,-1,0,-1,,,,
46.639286,24.512462,طريق ديراب الرئيسي بعد نفق حمزة في اتجاه الحرس الوطني ومقابل الفحص الدوري,"<html xmlns:fo=""http://www.w3.org/1999/XSL/Format"" xmlns:msxsl=""urn:schemas-microsoft-com:xslt"">

<head>

<META http-equiv=""Content-Type"" content=""text/html"">

<meta http-equiv=""content-type"" content=""text/html; charset=UTF-8"">

</head>

<body style=""margin:0px 0px 0px 0px;overflow:auto;background:#FFFFFF;"">

<table style=""font-family:Arial,Verdana,Times;font-size:12px;text-align:left;width:100%;border-collapse:collapse;padding:3px 3px 3px 3px"">

<tr style=""text-align:center;font-weight:bold;background:#9CBCE2"">

<td>طريق ديراب الرئيسي بعد نفق حمزة في اتجاه الحرس الوطني ومقابل الفحص الدوري</td>

</tr>

<tr>

<td>

<table style=""font-family:Arial,Verdana,Times;font-size:12px;text-align:left;width:100%;border-spacing:0px; padding:3px 3px 3px 3px"">

<tr>

<td>FID</td>

<td>38</td>

</tr>

<tr bgcolor=""#D4E4F3"">

<td>الرقم</td>

<td>39</td>

</tr>

<tr>

<td>NO</td>

<td>14</td>

</tr>

<tr bgcolor=""#D4E4F3"">

<td>اسم_ا</td>

<td>طريق ديراب الرئيسي بعد نفق حمزة في اتجاه الحرس الوطني ومقابل الفحص الدوري</td>

</tr>

<tr>

<td>الحي</td>

<td>الحزم الفواز</td>

</tr>

<tr bgcolor=""#D4E4F3"">

<td>البلد</td>

<td>نمار</td>

</tr>

<tr>

<td>X</td>

<td>46.639286</td>

</tr>

<tr bgcolor=""#D4E4F3"">

<td>Y</td>

<td>24.512462</td>

</tr>

</table>

</td>

</tr>

</table>

</body>

</html>

",,,,clampToGround,-1,0,-1,,,,
46.680025,24.765807,تقاطع شارع الحسين بن علي مع شارع زهير بن ابي سلمى,"<html xmlns:fo=""http://www.w3.org/1999/XSL/Format"" xmlns:msxsl=""urn:schemas-microsoft-com:xslt"">

<head>

<META http-equiv=""Content-Type"" content=""text/html"">

<meta http-equiv=""content-type"" content=""text/html; charset=UTF-8"">

</head>

<body style=""margin:0px 0px 0px 0px;overflow:auto;background:#FFFFFF;"">

<table style=""font-family:Arial,Verdana,Times;font-size:12px;text-align:left;width:100%;border-collapse:collapse;padding:3px 3px 3px 3px"">

<tr style=""text-align:center;font-weight:bold;background:#9CBCE2"">

<td>تقاطع شارع الحسين بن علي مع شارع زهير بن ابي سلمى</td>

</tr>

<tr>

<td>

<table style=""font-family:Arial,Verdana,Times;font-size:12px;text-align:left;width:100%;border-spacing:0px; padding:3px 3px 3px 3px"">

<tr>

<td>FID</td>

<td>39</td>

</tr>

<tr bgcolor=""#D4E4F3"">

<td>الرقم</td>

<td>40</td>

</tr>

<tr>

<td>NO</td>

<td>15</td>

</tr>

<tr bgcolor=""#D4E4F3"">

<td>اسم_ا</td>

<td>تقاطع شارع الحسين بن علي مع شارع زهير بن ابي سلمى</td>

</tr>

<tr>

<td>الحي</td>

<td>المصيف</td>

</tr>

<tr bgcolor=""#D4E4F3"">

<td>البلد</td>

<td>العليا</td>

</tr>

<tr>

<td>X</td>

<td>46.680025</td>

</tr>

<tr bgcolor=""#D4E4F3"">

<td>Y</td>

<td>24.765807</td>

</tr>

</table>

</td>

</tr>

</table>

</body>

</html>

",,,,clampToGround,-1,0,-1,,,,
46.727527,24.556868,تقاطع طريق المروج مع طريق عرفات,"<html xmlns:fo=""http://www.w3.org/1999/XSL/Format"" xmlns:msxsl=""urn:schemas-microsoft-com:xslt"">

<head>

<META http-equiv=""Content-Type"" content=""text/html"">

<meta http-equiv=""content-type"" content=""text/html; charset=UTF-8"">

</head>

<body style=""margin:0px 0px 0px 0px;overflow:auto;background:#FFFFFF;"">

<table style=""font-family:Arial,Verdana,Times;font-size:12px;text-align:left;width:100%;border-collapse:collapse;padding:3px 3px 3px 3px"">

<tr style=""text-align:center;font-weight:bold;background:#9CBCE2"">

<td>تقاطع طريق المروج مع طريق عرفات</td>

</tr>

<tr>

<td>

<table style=""font-family:Arial,Verdana,Times;font-size:12px;text-align:left;width:100%;border-spacing:0px; padding:3px 3px 3px 3px"">

<tr>

<td>FID</td>

<td>40</td>

</tr>

<tr bgcolor=""#D4E4F3"">

<td>الرقم</td>

<td>41</td>

</tr>

<tr>

<td>NO</td>

<td>16</td>

</tr>

<tr bgcolor=""#D4E4F3"">

<td>اسم_ا</td>

<td>تقاطع طريق المروج مع طريق عرفات</td>

</tr>

<tr>

<td>الحي</td>

<td>بدر</td>

</tr>

<tr bgcolor=""#D4E4F3"">

<td>البلد</td>

<td>الشفا</td>

</tr>

<tr>

<td>X</td>

<td>46.727527</td>

</tr>

<tr bgcolor=""#D4E4F3"">

<td>Y</td>

<td>24.556868</td>

</tr>

</table>

</td>

</tr>

</table>

</body>

</html>

",,,,clampToGround,-1,0,-1,,,,
46.690723,24.607128,شارع سلطانة العام,"<html xmlns:fo=""http://www.w3.org/1999/XSL/Format"" xmlns:msxsl=""urn:schemas-microsoft-com:xslt"">

<head>

<META http-equiv=""Content-Type"" content=""text/html"">

<meta http-equiv=""content-type"" content=""text/html; charset=UTF-8"">

</head>

<body style=""margin:0px 0px 0px 0px;overflow:auto;background:#FFFFFF;"">

<table style=""font-family:Arial,Verdana,Times;font-size:12px;text-align:left;width:100%;border-collapse:collapse;padding:3px 3px 3px 3px"">

<tr style=""text-align:center;font-weight:bold;background:#9CBCE2"">

<td>شارع سلطانة العام</td>

</tr>

<tr>

<td>

<table style=""font-family:Arial,Verdana,Times;font-size:12px;text-align:left;width:100%;border-spacing:0px; padding:3px 3px 3px 3px"">

<tr>

<td>FID</td>

<td>41</td>

</tr>

<tr bgcolor=""#D4E4F3"">

<td>الرقم</td>

<td>42</td>

</tr>

<tr>

<td>NO</td>

<td>17</td>

</tr>

<tr bgcolor=""#D4E4F3"">

<td>اسم_ا</td>

<td>شارع سلطانة العام</td>

</tr>

<tr>

<td>الحي</td>

<td>سلطانة</td>

</tr>

<tr bgcolor=""#D4E4F3"">

<td>البلد</td>

<td>العريجاء</td>

</tr>

<tr>

<td>X</td>

<td>46.690723</td>

</tr>

<tr bgcolor=""#D4E4F3"">

<td>Y</td>

<td>24.607128</td>

</tr>

</table>

</td>

</tr>

</table>

</body>

</html>

",,,,clampToGround,-1,0,-1,,,,
46.856745,24.665061,تقاطع شبة الجزيرة مع الدائري الثاني,"<html xmlns:fo=""http://www.w3.org/1999/XSL/Format"" xmlns:msxsl=""urn:schemas-microsoft-com:xslt"">

<head>

<META http-equiv=""Content-Type"" content=""text/html"">

<meta http-equiv=""content-type"" content=""text/html; charset=UTF-8"">

</head>

<body style=""margin:0px 0px 0px 0px;overflow:auto;background:#FFFFFF;"">

<table style=""font-family:Arial,Verdana,Times;font-size:12px;text-align:left;width:100%;border-collapse:collapse;padding:3px 3px 3px 3px"">

<tr style=""text-align:center;font-weight:bold;background:#9CBCE2"">

<td>تقاطع شبة الجزيرة مع الدائري الثاني</td>

</tr>

<tr>

<td>

<table style=""font-family:Arial,Verdana,Times;font-size:12px;text-align:left;width:100%;border-spacing:0px; padding:3px 3px 3px 3px"">

<tr>

<td>FID</td>

<td>42</td>

</tr>

<tr bgcolor=""#D4E4F3"">

<td>الرقم</td>

<td>43</td>

</tr>

<tr>

<td>NO</td>

<td>18</td>

</tr>

<tr bgcolor=""#D4E4F3"">

<td>اسم_ا</td>

<td>تقاطع شبة الجزيرة مع الدائري الثاني</td>

</tr>

<tr>

<td>الحي</td>

<td>السلي</td>

</tr>

<tr bgcolor=""#D4E4F3"">

<td>البلد</td>

<td>السلي</td>

</tr>

<tr>

<td>X</td>

<td>46.856745</td>

</tr>

<tr bgcolor=""#D4E4F3"">

<td>Y</td>

<td>24.665061</td>

</tr>

</table>

</td>

</tr>

</table>

</body>

</html>

",,,,clampToGround,-1,0,-1,,,,
46.840084,24.647442,تقاطع الامير محمد بن عبدالرحمن بالقرب من تقاطع الدائري الجنوبي (مقابل شركة الفنار),"<html xmlns:fo=""http://www.w3.org/1999/XSL/Format"" xmlns:msxsl=""urn:schemas-microsoft-com:xslt"">

<head>

<META http-equiv=""Content-Type"" content=""text/html"">

<meta http-equiv=""content-type"" content=""text/html; charset=UTF-8"">

</head>

<body style=""margin:0px 0px 0px 0px;overflow:auto;background:#FFFFFF;"">

<table style=""font-family:Arial,Verdana,Times;font-size:12px;text-align:left;width:100%;border-collapse:collapse;padding:3px 3px 3px 3px"">

<tr style=""text-align:center;font-weight:bold;background:#9CBCE2"">

<td>تقاطع الامير محمد بن عبدالرحمن بالقرب من تقاطع الدائري الجنوبي (مقابل شركة الفنار)</td>

</tr>

<tr>

<td>

<table style=""font-family:Arial,Verdana,Times;font-size:12px;text-align:left;width:100%;border-spacing:0px; padding:3px 3px 3px 3px"">

<tr>

<td>FID</td>

<td>43</td>

</tr>

<tr bgcolor=""#D4E4F3"">

<td>الرقم</td>

<td>44</td>

</tr>

<tr>

<td>NO</td>

<td>19</td>

</tr>

<tr bgcolor=""#D4E4F3"">

<td>اسم_ا</td>

<td>تقاطع الامير محمد بن عبدالرحمن بالقرب من تقاطع الدائري الجنوبي (مقابل شركة الفنار)</td>

</tr>

<tr>

<td>الحي</td>

<td>السلي</td>

</tr>

<tr bgcolor=""#D4E4F3"">

<td>البلد</td>

<td>السلي</td>

</tr>

<tr>

<td>X</td>

<td>46.840084</td>

</tr>

<tr bgcolor=""#D4E4F3"">

<td>Y</td>

<td>24.647442</td>

</tr>

</table>

</td>

</tr>

</table>

</body>

</html>

",,,,clampToGround,-1,0,-1,,,,
46.813107,24.665537,تقاطع طريق شعبة مع طريق الشمائل,"<html xmlns:fo=""http://www.w3.org/1999/XSL/Format"" xmlns:msxsl=""urn:schemas-microsoft-com:xslt"">

<head>

<META http-equiv=""Content-Type"" content=""text/html"">

<meta http-equiv=""content-type"" content=""text/html; charset=UTF-8"">

</head>

<body style=""margin:0px 0px 0px 0px;overflow:auto;background:#FFFFFF;"">

<table style=""font-family:Arial,Verdana,Times;font-size:12px;text-align:left;width:100%;border-collapse:collapse;padding:3px 3px 3px 3px"">

<tr style=""text-align:center;font-weight:bold;background:#9CBCE2"">

<td>تقاطع طريق شعبة مع طريق الشمائل</td>

</tr>

<tr>

<td>

<table style=""font-family:Arial,Verdana,Times;font-size:12px;text-align:left;width:100%;border-spacing:0px; padding:3px 3px 3px 3px"">

<tr>

<td>FID</td>

<td>44</td>

</tr>

<tr bgcolor=""#D4E4F3"">

<td>الرقم</td>

<td>45</td>

</tr>

<tr>

<td>NO</td>

<td>20</td>

</tr>

<tr bgcolor=""#D4E4F3"">

<td>اسم_ا</td>

<td>تقاطع طريق شعبة مع طريق الشمائل</td>

</tr>

<tr>

<td>الحي</td>

<td>السلي</td>

</tr>

<tr bgcolor=""#D4E4F3"">

<td>البلد</td>

<td>السلي</td>

</tr>

<tr>

<td>X</td>

<td>46.813107</td>

</tr>

<tr bgcolor=""#D4E4F3"">

<td>Y</td>

<td>24.665537</td>

</tr>

</table>

</td>

</tr>

</table>

</body>

</html>

",,,,clampToGround,-1,0,-1,,,,
46.835372,24.841167,تقاطع شارع ابن الزبير الغرناطي مع شارع عبدالرحمن الاشعري,"<html xmlns:fo=""http://www.w3.org/1999/XSL/Format"" xmlns:msxsl=""urn:schemas-microsoft-com:xslt"">

<head>

<META http-equiv=""Content-Type"" content=""text/html"">

<meta http-equiv=""content-type"" content=""text/html; charset=UTF-8"">

</head>

<body style=""margin:0px 0px 0px 0px;overflow:auto;background:#FFFFFF;"">

<table style=""font-family:Arial,Verdana,Times;font-size:12px;text-align:left;width:100%;border-collapse:collapse;padding:3px 3px 3px 3px"">

<tr style=""text-align:center;font-weight:bold;background:#9CBCE2"">

<td>تقاطع شارع ابن الزبير الغرناطي مع شارع عبدالرحمن الاشعري</td>

</tr>

<tr>

<td>

<table style=""font-family:Arial,Verdana,Times;font-size:12px;text-align:left;width:100%;border-spacing:0px; padding:3px 3px 3px 3px"">

<tr>

<td>FID</td>

<td>45</td>

</tr>

<tr bgcolor=""#D4E4F3"">

<td>الرقم</td>

<td>46</td>

</tr>

<tr>

<td>NO</td>

<td>21</td>

</tr>

<tr bgcolor=""#D4E4F3"">

<td>اسم_ا</td>

<td>تقاطع شارع ابن الزبير الغرناطي مع شارع عبدالرحمن الاشعري</td>

</tr>

<tr>

<td>الحي</td>

<td>الرمال</td>

</tr>

<tr bgcolor=""#D4E4F3"">

<td>البلد</td>

<td>الروضة</td>

</tr>

<tr>

<td>X</td>

<td>46.835372</td>

</tr>

<tr bgcolor=""#D4E4F3"">

<td>Y</td>

<td>24.841167</td>

</tr>

</table>

</td>

</tr>

</table>

</body>

</html>

",,,,clampToGround,-1,0,-1,,,,
46.623725,24.911868,شارع سليمان بن عبدالعزيز السليم,"<html xmlns:fo=""http://www.w3.org/1999/XSL/Format"" xmlns:msxsl=""urn:schemas-microsoft-com:xslt"">

<head>

<META http-equiv=""Content-Type"" content=""text/html"">

<meta http-equiv=""content-type"" content=""text/html; charset=UTF-8"">

</head>

<body style=""margin:0px 0px 0px 0px;overflow:auto;background:#FFFFFF;"">

<table style=""font-family:Arial,Verdana,Times;font-size:12px;text-align:left;width:100%;border-collapse:collapse;padding:3px 3px 3px 3px"">

<tr style=""text-align:center;font-weight:bold;background:#9CBCE2"">

<td>شارع سليمان بن عبدالعزيز السليم</td>

</tr>

<tr>

<td>

<table style=""font-family:Arial,Verdana,Times;font-size:12px;text-align:left;width:100%;border-spacing:0px; padding:3px 3px 3px 3px"">

<tr>

<td>FID</td>

<td>46</td>

</tr>

<tr bgcolor=""#D4E4F3"">

<td>الرقم</td>

<td>47</td>

</tr>

<tr>

<td>NO</td>

<td>22</td>

</tr>

<tr bgcolor=""#D4E4F3"">

<td>اسم_ا</td>

<td>شارع سليمان بن عبدالعزيز السليم</td>

</tr>

<tr>

<td>الحي</td>

<td>النرجس</td>

</tr>

<tr bgcolor=""#D4E4F3"">

<td>البلد</td>

<td>الشمال</td>

</tr>

<tr>

<td>X</td>

<td>46.623725</td>

</tr>

<tr bgcolor=""#D4E4F3"">

<td>Y</td>

<td>24.911868</td>

</tr>

</table>

</td>

</tr>

</table>

</body>

</html>

",,,,clampToGround,-1,0,-1,,,,
46.644796,24.882129,شارع محمد المنوفي,"<html xmlns:fo=""http://www.w3.org/1999/XSL/Format"" xmlns:msxsl=""urn:schemas-microsoft-com:xslt"">

<head>

<META http-equiv=""Content-Type"" content=""text/html"">

<meta http-equiv=""content-type"" content=""text/html; charset=UTF-8"">

</head>

<body style=""margin:0px 0px 0px 0px;overflow:auto;background:#FFFFFF;"">

<table style=""font-family:Arial,Verdana,Times;font-size:12px;text-align:left;width:100%;border-collapse:collapse;padding:3px 3px 3px 3px"">

<tr style=""text-align:center;font-weight:bold;background:#9CBCE2"">

<td>شارع محمد المنوفي</td>

</tr>

<tr>

<td>

<table style=""font-family:Arial,Verdana,Times;font-size:12px;text-align:left;width:100%;border-spacing:0px; padding:3px 3px 3px 3px"">

<tr>

<td>FID</td>

<td>47</td>

</tr>

<tr bgcolor=""#D4E4F3"">

<td>الرقم</td>

<td>48</td>

</tr>

<tr>

<td>NO</td>

<td>23</td>

</tr>

<tr bgcolor=""#D4E4F3"">

<td>اسم_ا</td>

<td>شارع محمد المنوفي</td>

</tr>

<tr>

<td>الحي</td>

<td>النرجس</td>

</tr>

<tr bgcolor=""#D4E4F3"">

<td>البلد</td>

<td>الشمال</td>

</tr>

<tr>

<td>X</td>

<td>46.644796</td>

</tr>

<tr bgcolor=""#D4E4F3"">

<td>Y</td>

<td>24.882129</td>

</tr>

</table>

</td>

</tr>

</table>

</body>

</html>

",,,,clampToGround,-1,0,-1,,,,
46.845444,24.797223,الشيخ عيسى بن سلمان ال خليفة,"<html xmlns:fo=""http://www.w3.org/1999/XSL/Format"" xmlns:msxsl=""urn:schemas-microsoft-com:xslt"">

<head>

<META http-equiv=""Content-Type"" content=""text/html"">

<meta http-equiv=""content-type"" content=""text/html; charset=UTF-8"">

</head>

<body style=""margin:0px 0px 0px 0px;overflow:auto;background:#FFFFFF;"">

<table style=""font-family:Arial,Verdana,Times;font-size:12px;text-align:left;width:100%;border-collapse:collapse;padding:3px 3px 3px 3px"">

<tr style=""text-align:center;font-weight:bold;background:#9CBCE2"">

<td>الشيخ عيسى بن سلمان ال خليفة</td>

</tr>

<tr>

<td>

<table style=""font-family:Arial,Verdana,Times;font-size:12px;text-align:left;width:100%;border-spacing:0px; padding:3px 3px 3px 3px"">

<tr>

<td>FID</td>

<td>48</td>

</tr>

<tr bgcolor=""#D4E4F3"">

<td>الرقم</td>

<td>49</td>

</tr>

<tr>

<td>NO</td>

<td>24</td>

</tr>

<tr bgcolor=""#D4E4F3"">

<td>اسم_ا</td>

<td>الشيخ عيسى بن سلمان ال خليفة</td>

</tr>

<tr>

<td>الحي</td>

<td>المعيزلية</td>

</tr>

<tr bgcolor=""#D4E4F3"">

<td>البلد</td>

<td>الروضة</td>

</tr>

<tr>

<td>X</td>

<td>46.845444</td>

</tr>

<tr bgcolor=""#D4E4F3"">

<td>Y</td>

<td>24.797223</td>

</tr>

</table>

</td>

</tr>

</table>

</body>

</html>

",,,,clampToGround,-1,0,-1,,,,
46.80552,24.8076,طريق الامام عبدالله بن سعود ين عبدالعزيز,"<html xmlns:fo=""http://www.w3.org/1999/XSL/Format"" xmlns:msxsl=""urn:schemas-microsoft-com:xslt"">

<head>

<META http-equiv=""Content-Type"" content=""text/html"">

<meta http-equiv=""content-type"" content=""text/html; charset=UTF-8"">

</head>

<body style=""margin:0px 0px 0px 0px;overflow:auto;background:#FFFFFF;"">

<table style=""font-family:Arial,Verdana,Times;font-size:12px;text-align:left;width:100%;border-collapse:collapse;padding:3px 3px 3px 3px"">

<tr style=""text-align:center;font-weight:bold;background:#9CBCE2"">

<td>طريق الامام عبدالله بن سعود ين عبدالعزيز</td>

</tr>

<tr>

<td>

<table style=""font-family:Arial,Verdana,Times;font-size:12px;text-align:left;width:100%;border-spacing:0px; padding:3px 3px 3px 3px"">

<tr>

<td>FID</td>

<td>49</td>

</tr>

<tr bgcolor=""#D4E4F3"">

<td>الرقم</td>

<td>50</td>

</tr>

<tr>

<td>NO</td>

<td>25</td>

</tr>

<tr bgcolor=""#D4E4F3"">

<td>اسم_ا</td>

<td>طريق الامام عبدالله بن سعود ين عبدالعزيز</td>

</tr>

<tr>

<td>الحي</td>

<td>أشبيلية</td>

</tr>

<tr bgcolor=""#D4E4F3"">

<td>البلد</td>

<td>الروضة</td>

</tr>

<tr>

<td>X</td>

<td>46.80552</td>

</tr>

<tr bgcolor=""#D4E4F3"">

<td>Y</td>

<td>24.8076</td>

</tr>

</table>

</td>

</tr>

</table>

</body>

</html>

",,,,clampToGround,-1,0,-1,,,,
